{
    "min_x" : [
        -1.0, 
        0.06499999999999995, 
        0.47824999999999973, 
        0.8116999999999999, 
        1.0404837499999997, 
        1.0835312187499997, 
        1.1496677843749996, 
        1.2339919055468747
    ], 
    "max_x" : [
        2.0, 
        2.9149999999999996, 
        2.3307499999999997, 
        2.0158249999999995, 
        1.8231649999999997, 
        1.5922740312499997, 
        1.4803506124999997, 
        1.4489357438281247
    ], 
    "min_y" : [
        -1.5, 
        -1.545, 
        -1.10325, 
        -0.7327499999999999, 
        -0.4196774999999999, 
        -0.2787948749999999, 
        -0.1821337406249999, 
        -0.1209574174218749
    ], 
    "max_y" : [
        1.5, 
        1.3049999999999997, 
        0.7492499999999999, 
        0.471375, 
        0.36300375000000007, 
        0.2299479375000001, 
        0.1485490875000001, 
        0.0939864208593751
    ]
}