{
    "min_x" : [
        -1.0, 
        -0.43000000000000016, 
        -0.3850000000000001, 
        -0.3662500000000001, 
        -0.35875000000000007, 
        -0.34750000000000003, 
        -0.34375, 
        -0.341875, 
        -0.3409375
    ], 
    "max_x" : [
        2.0, 
        2.57, 
        1.1149999999999998, 
        0.3837499999999999, 
        0.01624999999999993, 
        -0.16000000000000003, 
        -0.25, 
        -0.295, 
        -0.3175
    ], 
    "min_y" : [
        -1.5, 
        -2.04, 
        -0.5625, 
        0.17625000000000002, 
        0.545625, 
        0.7359375, 
        0.8296875, 
        0.8765625, 
        0.9
    ], 
    "max_y" : [
        1.5, 
        0.96, 
        0.9375, 
        0.92625, 
        0.920625, 
        0.9234375, 
        0.9234375, 
        0.9234375, 
        0.9234375
    ]
}