{
    "min_x" : [
        -1.0, 
        -0.565, 
        -0.18249999999999988, 
        0.012500000000000122, 
        0.1362500000000001, 
        0.1718750000000001, 
        0.1915625000000001, 
        0.2025781250000001, 
        0.2125390625000001
    ], 
    "max_x" : [
        2.0, 
        0.935, 
        0.5675000000000001, 
        0.3875000000000001, 
        0.3237500000000001, 
        0.2656250000000001, 
        0.2384375000000001, 
        0.2260156250000001, 
        0.2242578125000001
    ], 
    "min_y" : [
        -1.5, 
        -1.6949999999999998, 
        -1.335, 
        -1.0574999999999999, 
        -0.9281249999999999, 
        -0.8615624999999999, 
        -0.8292187499999999, 
        -0.8132812499999998, 
        -0.8035546874999998
    ], 
    "max_y" : [
        1.5, 
        -0.19499999999999984, 
        -0.5849999999999999, 
        -0.6824999999999999, 
        -0.7406249999999999, 
        -0.7678124999999999, 
        -0.7823437499999999, 
        -0.7898437499999998, 
        -0.7918359374999998
    ]
}