{
    "min_x" : [
        -1.0, 
        -0.44500000000000006, 
        -0.07750000000000012, 
        0.10624999999999984, 
        0.13437499999999986, 
        0.15312499999999984, 
        0.19203124999999985, 
        0.20796874999999984, 
        0.21148437499999984, 
        0.21289062499999983, 
        0.21356445312499983, 
        0.21384277343749983, 
        0.21424560546874982, 
        0.21431518554687481, 
        0.21434997558593732
    ], 
    "max_x" : [
        2.0, 
        1.055, 
        0.6724999999999999, 
        0.48124999999999984, 
        0.32187499999999986, 
        0.24687499999999984, 
        0.23890624999999985, 
        0.23140624999999984, 
        0.22320312499999984, 
        0.21874999999999983, 
        0.21649414062499983, 
        0.21530761718749983, 
        0.21497802734374982, 
        0.21468139648437481, 
        0.21453308105468732
    ], 
    "min_y" : [
        -1.5, 
        -1.56, 
        -1.1400000000000001, 
        -0.9299999999999999, 
        -0.7818749999999999, 
        -0.7209374999999999, 
        -0.7124999999999999, 
        -0.7132031249999999, 
        -0.7095703124999999, 
        -0.7049414062499999, 
        -0.7028613281249999, 
        -0.7014550781249999, 
        -0.7006127929687499, 
        -0.7003344726562499, 
        -0.7001953124999999
    ], 
    "max_y" : [
        1.5, 
        -0.06000000000000005, 
        -0.39, 
        -0.5549999999999999, 
        -0.5943749999999999, 
        -0.6271874999999999, 
        -0.6656249999999999, 
        -0.6897656249999999, 
        -0.6978515624999999, 
        -0.6990820312499999, 
        -0.6999316406249999, 
        -0.6999902343749999, 
        -0.6998803710937499, 
        -0.6999682617187499, 
        -0.7000122070312499
    ]
}