{
    "min_x" : [
        -1.0, 
        0.09499999999999997, 
        0.43999999999999995, 
        0.5862499999999999, 
        0.6556249999999999, 
        0.6893749999999998, 
        0.7076562499999999, 
        0.7179687499999998, 
        0.7247656249999999, 
        0.7264062499999998, 
        0.7273437499999998, 
        0.7281640624999999, 
        0.7285742187499998, 
        0.7287792968749999, 
        0.7288690185546873, 
        0.7289138793945311, 
        0.7289312744140624, 
        0.7289381408691404, 
        0.728939399719238, 
        0.7289402580261228, 
        0.7289418601989744, 
        0.7289426469802854, 
        0.7289430618286131, 
        0.7289432656764983, 
        0.7289433729648589, 
        0.7289434266090392, 
        0.7289434511959552, 
        0.7289434679597615, 
        0.7289434753358363, 
        0.7289434790238737, 
        0.7289434802532195, 
        0.7289434808678924, 
        0.7289434811472891, 
        0.7289434812869875, 
        0.7289434813341357, 
        0.7289434813577098, 
        0.7289434813694968, 
        0.7289434813753903, 
        0.7289434813783371, 
        0.7289434813798105, 
        0.7289434813812293, 
        0.7289434813819388, 
        0.7289434813822935, 
        0.7289434813824708, 
        0.7289434813825628, 
        0.7289434813825961, 
        0.7289434813826128, 
        0.7289434813826225, 
        0.7289434813826274, 
        0.7289434813826299, 
        0.7289434813826311, 
        0.7289434813826318, 
        0.7289434813826321, 
        0.7289434813826323, 
        0.7289434813826323, 
        0.7289434813826324, 
        0.7289434813826324, 
        0.7289434813826324, 
        0.7289434813826324, 
        0.7289434813826324, 
        0.7289434813826324, 
        0.7289434813826324, 
        0.7289434813826324, 
        0.7289434813826324, 
        0.7289434813826324, 
        0.7289434813826324
    ], 
    "max_x" : [
        2.0, 
        1.595, 
        1.19, 
        0.9612499999999999, 
        0.8431249999999999, 
        0.7831249999999998, 
        0.7545312499999999, 
        0.7414062499999998, 
        0.7364843749999999, 
        0.7322656249999998, 
        0.7302734374999998, 
        0.7296289062499999, 
        0.7293066406249998, 
        0.7291455078124999, 
        0.7290521240234373, 
        0.7290054321289061, 
        0.7289770507812499, 
        0.7289610290527342, 
        0.7289508438110349, 
        0.7289459800720213, 
        0.7289447212219237, 
        0.72894407749176, 
        0.7289437770843504, 
        0.7289436233043669, 
        0.7289435517787932, 
        0.7289435160160064, 
        0.7289434958994387, 
        0.7289434903115033, 
        0.7289434865117072, 
        0.7289434846118091, 
        0.7289434830471873, 
        0.7289434822648763, 
        0.7289434818457811, 
        0.7289434816362335, 
        0.7289434815087587, 
        0.7289434814450213, 
        0.7289434814131526, 
        0.7289434813972182, 
        0.728943481389251, 
        0.7289434813852674, 
        0.7289434813839578, 
        0.728943481383303, 
        0.7289434813829756, 
        0.7289434813828118, 
        0.7289434813827333, 
        0.7289434813826814, 
        0.7289434813826554, 
        0.7289434813826439, 
        0.7289434813826381, 
        0.7289434813826352, 
        0.7289434813826338, 
        0.7289434813826331, 
        0.7289434813826328, 
        0.7289434813826325, 
        0.7289434813826325, 
        0.7289434813826324, 
        0.7289434813826324, 
        0.7289434813826324, 
        0.7289434813826324, 
        0.7289434813826324, 
        0.7289434813826324, 
        0.7289434813826324, 
        0.7289434813826324, 
        0.7289434813826324, 
        0.7289434813826324, 
        0.7289434813826324
    ], 
    "min_y" : [
        -1.5, 
        -0.5549999999999999, 
        -0.12749999999999995, 
        0.04125000000000001, 
        0.11812499999999998, 
        0.159375, 
        0.18, 
        0.19148437499999998, 
        0.20144531249999997, 
        0.20548828124999996, 
        0.20736328124999995, 
        0.20811035156249993, 
        0.20854248046874993, 
        0.20872192382812493, 
        0.20878051757812494, 
        0.20880981445312494, 
        0.2088327026367187, 
        0.20884712219238274, 
        0.20885627746582025, 
        0.20886045455932611, 
        0.2088601398468017, 
        0.20885986804962153, 
        0.2088598752021789, 
        0.2088598752021789, 
        0.2088598823547363, 
        0.20885988593101498, 
        0.20885990023612974, 
        0.20885990805923937, 
        0.20885991331189868, 
        0.20885991593822834, 
        0.20885991730727252, 
        0.20885991797782477, 
        0.20885991830611597, 
        0.20885991847026159, 
        0.20885991844930682, 
        0.20885991843882945, 
        0.20885991843359075, 
        0.2088599184309714, 
        0.20885991842966173, 
        0.2088599184290069, 
        0.20885991842988, 
        0.20885991843031657, 
        0.20885991843053484, 
        0.20885991843064397, 
        0.20885991843069684, 
        0.20885991843071985, 
        0.20885991843073137, 
        0.2088599184307367, 
        0.20885991843073937, 
        0.2088599184307407, 
        0.20885991843074136, 
        0.2088599184307417, 
        0.20885991843074186, 
        0.20885991843074195, 
        0.208859918430742, 
        0.20885991843074203, 
        0.208859918430742, 
        0.20885991843074203, 
        0.20885991843074203, 
        0.20885991843074203, 
        0.20885991843074203, 
        0.20885991843074203, 
        0.20885991843074203, 
        0.20885991843074203, 
        0.20885991843074203, 
        0.20885991843074203
    ], 
    "max_y" : [
        1.5, 
        0.9450000000000001, 
        0.6225, 
        0.41625, 
        0.305625, 
        0.253125, 
        0.226875, 
        0.21492187499999998, 
        0.21316406249999997, 
        0.21134765624999996, 
        0.21029296874999995, 
        0.20957519531249993, 
        0.20927490234374993, 
        0.20908813476562493, 
        0.20896362304687494, 
        0.20890136718749994, 
        0.2088784790039062, 
        0.2088700103759765, 
        0.20886772155761713, 
        0.20886617660522455, 
        0.20886300086975093, 
        0.20886129856109614, 
        0.20886059045791622, 
        0.20886023283004757, 
        0.20886006116867062, 
        0.20885997533798215, 
        0.20885994493961332, 
        0.20885993041098116, 
        0.20885992448776958, 
        0.20885992152616378, 
        0.20885992010124024, 
        0.20885991937480863, 
        0.2088599190046079, 
        0.20885991881950755, 
        0.2088599186239298, 
        0.20885991852614094, 
        0.2088599184772465, 
        0.20885991845279928, 
        0.20885991844057566, 
        0.20885991843446386, 
        0.20885991843260848, 
        0.2088599184316808, 
        0.20885991843121696, 
        0.20885991843098503, 
        0.20885991843086738, 
        0.20885991843080512, 
        0.208859918430774, 
        0.20885991843075802, 
        0.20885991843075002, 
        0.20885991843074603, 
        0.20885991843074403, 
        0.20885991843074303, 
        0.20885991843074253, 
        0.20885991843074228, 
        0.20885991843074217, 
        0.2088599184307421, 
        0.20885991843074206, 
        0.20885991843074203, 
        0.20885991843074203, 
        0.20885991843074203, 
        0.20885991843074203, 
        0.20885991843074203, 
        0.20885991843074203, 
        0.20885991843074203, 
        0.20885991843074203, 
        0.20885991843074203
    ]
}